employee_name,employee_email,secret_child_name,secret_child_email
Hamish Murray,hamish.murray@acme.com,Hamish Murray,hamish.murray.sr@acme.com
Layla Graham,layla.graham@acme.com,Charlie Ross,charlie.ross.jr@acme.com
Matthew King,matthew.king@acme.com,Hamish Murray,hamish.murray.jr@acme.com
Benjamin Collins,benjamin.collins@acme.com,Matthew King,matthew.king.jr@acme.com
Isabella Scott,isabella.scott@acme.com,Charlie Ross,charlie.ross@acme.com
Charlie Ross,charlie.ross@acme.com,Matthew King,matthew.king@acme.com
Hamish Murray,hamish.murray.sr@acme.com,Isabella Scott,isabella.scott@acme.com
Piper Stewart,piper.stewart@acme.com,Hamish Murray,hamish.murray@acme.com
Spencer Allen,spencer.allen@acme.com,Piper Stewart,piper.stewart@acme.com
Charlie Wright,charlie.wright@acme.com,Layla Graham,layla.graham@acme.com
Hamish Murray,hamish.murray.jr@acme.com,Ethan Murray,ethan.murray@acme.com
Charlie Ross,charlie.ross.jr@acme.com,Benjamin Collins,benjamin.collins@acme.com
Ethan Murray,ethan.murray@acme.com,Mark Lawrence,mark.lawrence@acme.com
Matthew King,matthew.king.jr@acme.com,Spencer Allen,spencer.allen@acme.com
Mark Lawrence,mark.lawrence@acme.com,Charlie Wright,charlie.wright@acme.com
